run,size,algorithm,nanoseconds
0,100,linear_search,34806
0,100,binary_search_tree,672
0,100,red_black_tree,650
0,100,hash_table,736
0,100,multimap,814
1,100,linear_search,10040
1,100,binary_search_tree,462
1,100,red_black_tree,416
1,100,hash_table,432
1,100,multimap,602
2,100,linear_search,10178
2,100,binary_search_tree,452
2,100,red_black_tree,434
2,100,hash_table,454
2,100,multimap,600
3,100,linear_search,10556
3,100,binary_search_tree,464
3,100,red_black_tree,416
3,100,hash_table,452
3,100,multimap,608
4,100,linear_search,10456
4,100,binary_search_tree,778
4,100,red_black_tree,758
4,100,hash_table,758
4,100,multimap,886
0,200,linear_search,19526
0,200,binary_search_tree,486
0,200,red_black_tree,432
0,200,hash_table,502
0,200,multimap,706
1,200,linear_search,20142
1,200,binary_search_tree,522
1,200,red_black_tree,526
1,200,hash_table,514
1,200,multimap,618
2,200,linear_search,19982
2,200,binary_search_tree,448
2,200,red_black_tree,410
2,200,hash_table,410
2,200,multimap,622
3,200,linear_search,20616
3,200,binary_search_tree,508
3,200,red_black_tree,476
3,200,hash_table,484
3,200,multimap,578
4,200,linear_search,20184
4,200,binary_search_tree,528
4,200,red_black_tree,462
4,200,hash_table,504
4,200,multimap,628
0,500,linear_search,49284
0,500,binary_search_tree,506
0,500,red_black_tree,454
0,500,hash_table,402
0,500,multimap,644
1,500,linear_search,49496
1,500,binary_search_tree,518
1,500,red_black_tree,480
1,500,hash_table,424
1,500,multimap,728
2,500,linear_search,49482
2,500,binary_search_tree,492
2,500,red_black_tree,442
2,500,hash_table,494
2,500,multimap,708
3,500,linear_search,49848
3,500,binary_search_tree,586
3,500,red_black_tree,544
3,500,hash_table,454
3,500,multimap,706
4,500,linear_search,49580
4,500,binary_search_tree,552
4,500,red_black_tree,504
4,500,hash_table,522
4,500,multimap,658
0,1000,linear_search,98280
0,1000,binary_search_tree,608
0,1000,red_black_tree,568
0,1000,hash_table,514
0,1000,multimap,800
1,1000,linear_search,100978
1,1000,binary_search_tree,586
1,1000,red_black_tree,468
1,1000,hash_table,426
1,1000,multimap,730
2,1000,linear_search,99450
2,1000,binary_search_tree,574
2,1000,red_black_tree,578
2,1000,hash_table,492
2,1000,multimap,714
3,1000,linear_search,99348
3,1000,binary_search_tree,564
3,1000,red_black_tree,490
3,1000,hash_table,464
3,1000,multimap,782
4,1000,linear_search,99056
4,1000,binary_search_tree,592
4,1000,red_black_tree,478
4,1000,hash_table,464
4,1000,multimap,706
0,2000,linear_search,197178
0,2000,binary_search_tree,646
0,2000,red_black_tree,568
0,2000,hash_table,492
0,2000,multimap,820
1,2000,linear_search,196304
1,2000,binary_search_tree,736
1,2000,red_black_tree,584
1,2000,hash_table,508
1,2000,multimap,838
2,2000,linear_search,193658
2,2000,binary_search_tree,578
2,2000,red_black_tree,562
2,2000,hash_table,410
2,2000,multimap,904
3,2000,linear_search,192138
3,2000,binary_search_tree,554
3,2000,red_black_tree,490
3,2000,hash_table,428
3,2000,multimap,810
4,2000,linear_search,192588
4,2000,binary_search_tree,600
4,2000,red_black_tree,528
4,2000,hash_table,484
4,2000,multimap,848
0,5000,linear_search,482448
0,5000,binary_search_tree,744
0,5000,red_black_tree,626
0,5000,hash_table,496
0,5000,multimap,1004
1,5000,linear_search,498990
1,5000,binary_search_tree,676
1,5000,red_black_tree,602
1,5000,hash_table,534
1,5000,multimap,1108
2,5000,linear_search,477826
2,5000,binary_search_tree,630
2,5000,red_black_tree,584
2,5000,hash_table,510
2,5000,multimap,1016
3,5000,linear_search,483162
3,5000,binary_search_tree,712
3,5000,red_black_tree,662
3,5000,hash_table,562
3,5000,multimap,1010
4,5000,linear_search,484234
4,5000,binary_search_tree,756
4,5000,red_black_tree,688
4,5000,hash_table,556
4,5000,multimap,1148
0,10000,linear_search,946890
0,10000,binary_search_tree,838
0,10000,red_black_tree,734
0,10000,hash_table,604
0,10000,multimap,1282
1,10000,linear_search,977628
1,10000,binary_search_tree,892
1,10000,red_black_tree,766
1,10000,hash_table,650
1,10000,multimap,1370
2,10000,linear_search,959186
2,10000,binary_search_tree,780
2,10000,red_black_tree,698
2,10000,hash_table,570
2,10000,multimap,1102
3,10000,linear_search,954318
3,10000,binary_search_tree,780
3,10000,red_black_tree,678
3,10000,hash_table,516
3,10000,multimap,1204
4,10000,linear_search,978738
4,10000,binary_search_tree,842
4,10000,red_black_tree,718
4,10000,hash_table,542
4,10000,multimap,1250
0,20000,linear_search,1.94187e+06
0,20000,binary_search_tree,1008
0,20000,red_black_tree,876
0,20000,hash_table,742
0,20000,multimap,1696
1,20000,linear_search,1.9367e+06
1,20000,binary_search_tree,1026
1,20000,red_black_tree,942
1,20000,hash_table,766
1,20000,multimap,1808
2,20000,linear_search,1.93164e+06
2,20000,binary_search_tree,1010
2,20000,red_black_tree,902
2,20000,hash_table,740
2,20000,multimap,1700
3,20000,linear_search,1.93036e+06
3,20000,binary_search_tree,892
3,20000,red_black_tree,806
3,20000,hash_table,670
3,20000,multimap,1644
4,20000,linear_search,1.92841e+06
4,20000,binary_search_tree,996
4,20000,red_black_tree,908
4,20000,hash_table,774
4,20000,multimap,1888
0,30000,linear_search,2.90158e+06
0,30000,binary_search_tree,1030
0,30000,red_black_tree,994
0,30000,hash_table,912
0,30000,multimap,1960
1,30000,linear_search,2.87666e+06
1,30000,binary_search_tree,1336
1,30000,red_black_tree,1168
1,30000,hash_table,924
1,30000,multimap,2212
2,30000,linear_search,2.90035e+06
2,30000,binary_search_tree,1114
2,30000,red_black_tree,1102
2,30000,hash_table,846
2,30000,multimap,2252
3,30000,linear_search,2.91076e+06
3,30000,binary_search_tree,1266
3,30000,red_black_tree,1256
3,30000,hash_table,886
3,30000,multimap,2310
4,30000,linear_search,2.87021e+06
4,30000,binary_search_tree,1170
4,30000,red_black_tree,1054
4,30000,hash_table,918
4,30000,multimap,2250
0,40000,linear_search,3.87222e+06
0,40000,binary_search_tree,1308
0,40000,red_black_tree,1192
0,40000,hash_table,1086
0,40000,multimap,2510
1,40000,linear_search,3.85931e+06
1,40000,binary_search_tree,1254
1,40000,red_black_tree,1172
1,40000,hash_table,980
1,40000,multimap,2578
2,40000,linear_search,3.85784e+06
2,40000,binary_search_tree,1314
2,40000,red_black_tree,1228
2,40000,hash_table,1000
2,40000,multimap,2536
3,40000,linear_search,3.85833e+06
3,40000,binary_search_tree,1394
3,40000,red_black_tree,1268
3,40000,hash_table,1020
3,40000,multimap,2466
4,40000,linear_search,3.88101e+06
4,40000,binary_search_tree,1230
4,40000,red_black_tree,1136
4,40000,hash_table,964
4,40000,multimap,2444
0,50000,linear_search,4.81716e+06
0,50000,binary_search_tree,1346
0,50000,red_black_tree,1158
0,50000,hash_table,1036
0,50000,multimap,2632
1,50000,linear_search,4.83522e+06
1,50000,binary_search_tree,1464
1,50000,red_black_tree,1392
1,50000,hash_table,1166
1,50000,multimap,2738
2,50000,linear_search,4.81079e+06
2,50000,binary_search_tree,1470
2,50000,red_black_tree,1248
2,50000,hash_table,1036
2,50000,multimap,2506
3,50000,linear_search,4.83912e+06
3,50000,binary_search_tree,1448
3,50000,red_black_tree,1288
3,50000,hash_table,1114
3,50000,multimap,2724
4,50000,linear_search,4.75519e+06
4,50000,binary_search_tree,1424
4,50000,red_black_tree,1296
4,50000,hash_table,1114
4,50000,multimap,3038
0,65000,linear_search,6.29061e+06
0,65000,binary_search_tree,1474
0,65000,red_black_tree,1358
0,65000,hash_table,1228
0,65000,multimap,3114
1,65000,linear_search,6.24576e+06
1,65000,binary_search_tree,1550
1,65000,red_black_tree,1472
1,65000,hash_table,1358
1,65000,multimap,3738
2,65000,linear_search,6.31511e+06
2,65000,binary_search_tree,1634
2,65000,red_black_tree,1530
2,65000,hash_table,1308
2,65000,multimap,3400
3,65000,linear_search,6.29514e+06
3,65000,binary_search_tree,1718
3,65000,red_black_tree,1674
3,65000,hash_table,1468
3,65000,multimap,3516
4,65000,linear_search,6.22151e+06
4,65000,binary_search_tree,1562
4,65000,red_black_tree,1500
4,65000,hash_table,1348
4,65000,multimap,3262
0,80000,linear_search,7.7112e+06
0,80000,binary_search_tree,1708
0,80000,red_black_tree,1648
0,80000,hash_table,1662
0,80000,multimap,4182
1,80000,linear_search,7.68356e+06
1,80000,binary_search_tree,1886
1,80000,red_black_tree,1728
1,80000,hash_table,1538
1,80000,multimap,3966
2,80000,linear_search,7.69985e+06
2,80000,binary_search_tree,3366
2,80000,red_black_tree,3316
2,80000,hash_table,3038
2,80000,multimap,5578
3,80000,linear_search,7.77366e+06
3,80000,binary_search_tree,1874
3,80000,red_black_tree,1728
3,80000,hash_table,1624
3,80000,multimap,3994
4,80000,linear_search,7.67895e+06
4,80000,binary_search_tree,1890
4,80000,red_black_tree,1696
4,80000,hash_table,1504
4,80000,multimap,3822
0,100000,linear_search,9.72357e+06
0,100000,binary_search_tree,2064
0,100000,red_black_tree,2158
0,100000,hash_table,1952
0,100000,multimap,4706
1,100000,linear_search,1.09511e+07
1,100000,binary_search_tree,2654
1,100000,red_black_tree,2494
1,100000,hash_table,2274
1,100000,multimap,5054
2,100000,linear_search,9.73797e+06
2,100000,binary_search_tree,2216
2,100000,red_black_tree,2130
2,100000,hash_table,2006
2,100000,multimap,4608
3,100000,linear_search,9.72549e+06
3,100000,binary_search_tree,2012
3,100000,red_black_tree,1876
3,100000,hash_table,1726
3,100000,multimap,4426
4,100000,linear_search,9.91736e+06
4,100000,binary_search_tree,2418
4,100000,red_black_tree,1894
4,100000,hash_table,1834
4,100000,multimap,4502
0,250000,linear_search,2.53345e+07
0,250000,binary_search_tree,3694
0,250000,red_black_tree,3548
0,250000,hash_table,3282
0,250000,multimap,9322
1,250000,linear_search,2.51844e+07
1,250000,binary_search_tree,3980
1,250000,red_black_tree,3888
1,250000,hash_table,3730
1,250000,multimap,9450
2,250000,linear_search,2.51687e+07
2,250000,binary_search_tree,3844
2,250000,red_black_tree,3888
2,250000,hash_table,3728
2,250000,multimap,9564
3,250000,linear_search,2.4766e+07
3,250000,binary_search_tree,4048
3,250000,red_black_tree,3958
3,250000,hash_table,4370
3,250000,multimap,9588
4,250000,linear_search,2.49049e+07
4,250000,binary_search_tree,3800
4,250000,red_black_tree,3702
4,250000,hash_table,3554
4,250000,multimap,9012
0,500000,linear_search,1.64557e+08
0,500000,binary_search_tree,8024
0,500000,red_black_tree,8344
0,500000,hash_table,7610
0,500000,multimap,18330
1,500000,linear_search,5.07314e+07
1,500000,binary_search_tree,7602
1,500000,red_black_tree,7234
1,500000,hash_table,7474
1,500000,multimap,17504
2,500000,linear_search,5.08113e+07
2,500000,binary_search_tree,8192
2,500000,red_black_tree,7946
2,500000,hash_table,7540
2,500000,multimap,20268
3,500000,linear_search,5.03607e+07
3,500000,binary_search_tree,14530
3,500000,red_black_tree,14298
3,500000,hash_table,13114
3,500000,multimap,32188
4,500000,linear_search,8.77107e+07
4,500000,binary_search_tree,15274
4,500000,red_black_tree,14584
4,500000,hash_table,13548
4,500000,multimap,34094
0,1000000,linear_search,1.02597e+08
0,1000000,binary_search_tree,28138
0,1000000,red_black_tree,27698
0,1000000,hash_table,28178
0,1000000,multimap,61458
1,1000000,linear_search,1.03314e+08
1,1000000,binary_search_tree,28454
1,1000000,red_black_tree,28388
1,1000000,hash_table,27104
1,1000000,multimap,58458
2,1000000,linear_search,7.24364e+08
2,1000000,binary_search_tree,16092
2,1000000,red_black_tree,14976
2,1000000,hash_table,14792
2,1000000,multimap,40042
3,1000000,linear_search,1.02141e+08
3,1000000,binary_search_tree,15458
3,1000000,red_black_tree,15286
3,1000000,hash_table,15212
3,1000000,multimap,34802
4,1000000,linear_search,1.01626e+08
4,1000000,binary_search_tree,14976
4,1000000,red_black_tree,14782
4,1000000,hash_table,14378
4,1000000,multimap,33464
